-- INSERT INTO gameplatformtype (gamePlatformNo,gamePlatformName) VALUES (64001,'Switch');
-- INSERT INTO gameplatformtype (gamePlatformNo,gamePlatformName) VALUES (64002,'PS5');
-- INSERT INTO gameplatformtype (gamePlatformNo,gamePlatformName) VALUES (64003,'xbox'),(64004,'PC'),(64005,'PS4'),(64006,'Wii'),(64007,'PS3'),(64008,'New2DSXL'),(64016,'ps1');
-- INSERT INTO gametype (gameTypeNo,gameTypeName) VALUES (63001,'動作'),(63002,'動作冒險'),(63003,'冒險	'),(63004,'大型多人在線'),(63005,'角色扮演'),(63006,'模擬'),(63007,'戰略'),(63008,'交通工具模擬'),(63009,'運動'),(63010,'射擊'),(63011,'懸疑'),(63012,'恐怖'),(63013,'好恐怖');
-- INSERT INTO gamecompany (gameCompanyNo,gameCompanyName) VALUES (61001,'RockstarGames'),(61002,'Imagineer'),(61003,'2K'),(61004,'SEGA'),(61005,'Capcom'),(61006,'Sony Entertainment'),(61007,'Xbox Game Studios'),(61008,'Ubisoft'),(61009,'Saber Interactive'),(61014,'大宇資訊'),(61015,'FromSoftware'),(61016,'Quantic Dream'),(61019,'Rockstar');
-- INSERT INTO product VALUES (21001,63009,64002,61003,'NBA2K21',1600,1,'2022-04-20 11:12:01','2022-04-29 09:45:10','《NBA 2K21》是世界最知名、最暢銷的《NBA 2K》系列最新發行的遊戲。具備大幅強化的頂級遊戲內容、線上競技與社群功能，以及多樣而富含深度的遊戲模式。\r\n《NBA 2K21》全方位地重現了 NBA 籃球與文化的精髓，提供獨一無二的沈浸體驗 ── 無界‧無限。','5026555427388'),(21002,63002,64002,61004,'人中之龍7',1250,1,NULL,'2022-04-22 15:54:31','本作品採用將『人中之龍』系列幹架動作與RPG指令系統融合而成的「動態指令RPG戰鬥」。\r\n進化為任何人都能夠輕易享受到爽快戰鬥樂趣的系統。\r\n在煥然一新的戰鬥中，只要選擇具備攻擊、回復、輔助等各種效果的招式，春日一番及其夥伴們便會施展出精彩動作。\r\n敬請暢享與形形色色敵人之間展開的一場場充滿臨場感、動感十足的亂鬥。','4974365837044'),(21003,63002,64003,61005,'惡靈古堡8',1650,1,'2022-04-24 18:07:20','2022-04-29 18:30:51','《惡靈古堡 8：村莊》延續《惡靈古堡 7：生化危機》的故事，敘述自那次惡夢般的事件之後已有數年\r\n\r\n伊森·溫特斯已經重拾日常平靜的生活，不過這樣的日常卻突然被昔日那位身經百戰的傳奇英雄－克里斯‧雷德菲爾所打破\r\n\r\n遊戲將以打造美麗又可怕的村莊為目標，完整交代主角伊森·溫特斯的人生與經歷。\r\n\r\n\r\n　　而本作的多人模式《惡靈古堡：逆轉》是由四至六名玩家進行死亡競賽的「生存恐怖對戰遊戲」。\r\n\r\n大家熟悉的《惡靈古堡》系列角色，以及充滿威脅的 B.O.W. 將一同進行極限之戰。','4897077990688'),(21004,63004,64001,61005,'魔物獵人崛起',1650,1,'2022-04-20 12:54:09','2022-04-25 23:21:51','狩獵本能躍動！ 為狩獵掀起全新風潮、無拘無束地躍動的動作；可隨心所欲地奔馳的新原野；帶來未知的興奮和驚喜的全新魔物。 在《MONSTER HUNTER RISE》中，前所未見的狩獵體驗正等候著獵人們！','4897077990664'),(21005,63002,64001,61001,'薩爾達傳說：荒野之息',1600,1,NULL,'2022-04-15 08:58:49','《薩爾達傳說：曠野之息》是《薩爾達傳說》系列首次採用開放世界與擬真物理模擬設計，讓玩家扮演從長眠甦醒的林克，在遼闊無邊的海拉魯世界展開探索與冒險。本作獲得全球多家電玩專業媒體滿分評價，必玩大作。','4902370536058'),(21006,63010,64003,61007,'最後一戰：無限',1850,1,NULL,'2022-04-15 08:13:35','成為士官長：\r\n所有的希望幻滅，人類的未來命懸一線，此刻，士官長已做好準備，隨時挺身而出，面對有史以來最冷酷無情的敵人。化身人類最偉大的英雄，置身於其護甲之中，體驗史詩般的冒險歷程，並探索規模巨大的環帶。\r\n探索 Zeta 環帶：\r\n《Halo Infinite》提供歷來最浩大的 Halo 戰役，冒險重重，全部發生在廣闊古老的環狀世界「Zeta 環帶」上。探索遼闊的 07 特區，從驚人的高度沉潛至環帶底下的神秘深處。解救 UNSC 陸戰隊員來獲得增援，一同對抗稱為「流放者」的恐怖敵人。\r\n擊敗流放者：\r\n本次故事接續《Halo 5》所發生的事件後，緊接了一場慘敗之役而繼續發展，殘破不堪的 UNSC 艦隊受困於破壞殆盡的 07 特區地表上。在這片殘骸之中，有一群名為「流放者」的鬼面獸戰士，正在殘破的環狀世界到處肆虐。雖然欠缺人手又火力不足，士官長仍須竭力阻止流放者修復環帶，對抗銀河系的最大威脅，重新奪回掌控。','889842708158'),(21007,63005,64002,61006,'蜘蛛人:邁爾斯摩拉斯',1500,1,NULL,'2022-04-24 17:52:50','在《Marvel Spider-Man》宇宙最新的冒險中，少年麥爾斯·摩拉斯一邊努力適應搬家後的生活，一邊追隨導師彼得·派克的腳步，成為新蜘蛛人。\r\n\r\n與此同時，這位英雄新秀的家園卻面臨各大勢力鬥爭的威脅，隨時毀於一旦，讓他領悟到能力越大、責任也越大的道理。為了拯救漫威的紐約市，麥爾斯必須扛下重責大任，成為獨當一面的蜘蛛人。','4948872613750'),(21009,63005,64001,61001,'動物森友會',1250,1,'2022-04-24 17:52:15','2022-05-14 23:27:32','《集合啦！動物森友會》將會重新詮釋動物森友會的傳統體驗方式。玩家將參加由 Nook Inc. 所策劃的「無人島移居計畫」，在以無人島為背景的遊戲中展開全新的生活。\r\n\r\n在遊戲中可以悠閒地在海邊漫步、四處探索......在什麼都沒有的無人島展開自由自在的生活。另外，還有全新改造系統，讓玩家可以 DIY，將島上的材料收集起來，DIY 成家具及生活所需的道具等等。此外，還有園藝、釣魚、島上探索、居家環境佈置、與移居到島上的可愛動物們交流等多項體驗，讓玩家可以一面感受四季變化，一面享受悠閒生活。','484651515'),(21012,63001,64002,61006,'對馬戰鬼',1800,1,NULL,'2022-04-22 15:54:53','　　《對馬戰鬼》由曾打造《惡名昭彰（inFAMOUSE）》系列的 Sucker Punch Productions 團隊開發，是款以 13 世紀日本鎌倉幕府時代位於朝鮮半島與九州島之間的對馬島為舞台、以蒙古大軍來襲事件為背景的開放世界動作冒險遊戲。遊戲中玩家將扮演世居對馬的武士一族主角「境井仁」，為了抵禦蒙古大軍的入侵、他將挺身而出與鄉里志士共同作戰，化身為令敵人膽戰心驚的「戰鬼」，不擇手段拯救遭受蹂躪的家園與同胞。','49887251818'),(21013,63003,64003,61006,'太空戰士 15',800,1,NULL,'2022-04-15 08:58:24','《Final Fantasy XV》是與《Final Fantasy XIII》同為 SQUARE ENIX 之「FABULA NOVA CRYSTALLIS FINAL FANTASY XIII」計劃中的核心作品之一。兩款作品是以相同神話為根基，但擁有完全不同世界觀的獨立作品。\r\n       \r\n        本作是由《王國之心》系列製作群以及歷代《Final Fantasy》( 主要為 VII,VIII,X,VII AC 等) 之部分製作人員共同開發。\r\n\r\n        《FINAL FANTASY Versus XIII》與《FINAL FANTASY XIII》一樣，開發也使用了名為「Crystal Tools(水晶工具)」的自製引擎作為遊戲開發引擎，但故事背景、主角等都與《FINAL FANTASY XIII》截然不同，是製作團隊全新打造的另一款「FINAL FANTASY XIII」。','845518468'),(21015,63002,64002,61009,'鬼滅之刃',1800,1,'2022-04-24 18:00:52','2022-05-08 07:27:51','根據《週刊少年 Jump》系列漫畫（作者為吾峠呼世晴）所改編的電視動畫於 2019 年 4 月在日本開始播出。而現在，改編自電視動畫的殺鬼動作遊戲《鬼滅之刃 火之神血風譚》在 PS5 和 PS4 上推出！\r\n\r\n本作除了收錄能讓玩家化身為竈門炭治郎，重溫對抗惡鬼故事的單人遊玩模式外，還有能自由選擇 2 名動畫「鬼滅之刃」登場角色進行戰鬥的 VS 模式！透過簡單的操作享受充滿爽快感的遊玩，目標是成為最強的獵鬼人！','875453'),(21025,63009,64001,61001,'瑪利歐賽車8:豪華版',2100,1,'2022-04-29 18:30:21','2022-05-01 14:52:32','《瑪利歐賽車 8 豪華版》是在Wii U主機上推出的《瑪利歐賽車 8》的 Switch 強化移植版，將完整收錄《瑪利歐賽車 8》發售後推出的全部追加下載項目，同時追加新模式、新角色與新賽道、車種和道具，內容豐富程度為系列之最。\r\n\r\n在8種對戰專用賽道上盡情遊玩！\r\n\r\n而本作對戰時所用的賽道也更新成對戰專用了！玩家能在 8 種專為對戰設計的賽道中選擇對戰。','25887416568'),(21026,63005,64003,61008,'刺客教條:維京紀元',2100,1,'2022-05-01 13:14:56','2022-05-01 13:17:47','化身一名被培育成無畏戰士的維京劫掠者「埃沃爾」，帶領你的氏族從挪威冰冷荒野前往九世紀英格蘭茂密農田交織的新家園。建立你的聚落，不擇手段征服這片敵人的土地，在英靈殿爭取一席之地。\r\n\r\n　　在維京時代，英格蘭是由低階貴族和相互敵對之王國組成的分裂國家。混亂的局勢下隱藏著一片未開發的沃土，等待著新的征服者入主。你會成為它的主人嗎？\r\n','36453453'),(21027,63006,64001,61001,'小小伙伴',1200,1,NULL,'2022-04-29 22:33:59','能飼養寵物種類中最受到喜愛的小狗與貓咪的模擬遊戲，在 6 種小狗與貓咪中，總共可以選擇 3 隻來飼養。玩家和小狗或貓咪一起通過多樣化的互動增加親密度的同時，也如標題一般，能和小小伙伴們累積可愛的回憶。','258882516'),(21028,63002,64002,61008,'極地戰嚎6',2100,1,NULL,'2022-04-29 22:23:37','歡迎來到亞拉，一座時間彷彿靜止的熱帶天堂。《極地戰嚎 6》將讓玩家沉浸於一個令人血脈賁張的現代游擊革命世界。 \r\n\r\n加入革命行列，反抗獨裁者安東·卡斯迪路與他年幼兒子迪亞哥的暴政。兩位角色分別由好萊塢明星 Giancarlo Esposito（《曼達洛人》、《絕命毒師》）及 Anthony Gonzalez（《可可夜總會》）扮演。\r\n玩家將化身為丹尼·羅哈斯（或丹妮·羅哈斯），從一位軍校輟學生轉變成為擅打游擊戰的革命家。為了對抗安東的軍隊，玩家必須採取臨機應變的「自造」精神，使用各種出人意料之外的新武器、載具和動物夥伴，點燃一場革命運動，徹底將這個暴虐政權燒成灰燼。','854226811'),(21029,63005,64004,61014,'仙劍奇俠傳7',1100,1,NULL,'2022-05-02 10:33:28','《仙劍奇俠傳七》是由軟星科技（北京）有限公司開發的動作角色扮演類遊戲。 本作註重劇情和遊戲性的雙重體驗。故事圍繞人、神、魔三族進行展開，在保證精彩演繹的同時，戰鬥系統較系列前作也做出重大變革，采用第三人稱的即時戰鬥模式，作戰流程無縫銜接，為玩家帶來爽快的戰鬥體驗。','52214786651'),(21030,63005,64004,61015,'艾爾登法環',2100,1,NULL,'2022-05-02 10:57:40','・充滿刺激的遼闊世界\r\n無縫連接的遼闊世界──盡情探索狀況多變的開放場景，構造複雜、立體的巨大地下迷宮。\r\n在探索新發現時感到欣喜，在征服強敵時感到成就感十足，豐富內容等你體會。','8455662325'),(21031,63007,64004,61004,'全軍破敵:三國',1400,1,NULL,'2022-05-10 07:34:12','《Total War: THREE KINGDOMS》是屢獲殊榮的《Total War》策略遊戲系列中第一款經典重現中國古代壯烈戰爭的作品。建設帝國、治理國家與攻城掠地的回合制戰略遊戲，加上驚心動魄的即時戰鬥，《Total War: THREE KINGDOMS》以充滿英雄與傳奇的時代為舞台，顛覆了玩家對本系列的想像。','44566115197'),(21032,63008,64004,61007,'微軟飛行模擬',1950,1,'2022-05-08 17:19:20','2022-05-08 17:19:43','從輕型飛機到寬體飛機，在下一代Microsoft Flight Simulator中飛行高度詳細且精確的飛機。在動態和生動的世界中，針對夜間飛行，實時大氣模擬和實時天氣等挑戰測試您的駕駛技能。創建前往地球上任何地方的飛行計劃。 Microsoft Flight Simulator包括20個高度詳細的飛機和獨特的飛行模型以及30個手工製作的機場。','98541368481'),(21033,63005,64005,61016,'超能殺機:兩個靈魂',750,1,'2022-05-10 07:17:57','2022-05-10 07:20:02','　　《超能殺機：兩個靈魂》是一款心理動作驚悚遊戲，由獲獎遊戲大作《暴雨殺機（Heavy Rain）》的製作團隊開發，並由好萊塢巨星 Ellen Page（艾倫‧佩姬）（曾演出《全面啟動》、《Juno 少女孕記》）及 Willem Dafoe（威廉‧達佛）（曾演出《殺戮戰場》、《蜘蛛人》）演出。玩家在本作中體驗祖迪‧霍姆斯（Jodie Holmes）橫跨 15 年的人生，而祖迪是一名年輕的女子，因為跟一個隱形的生物存有某種聯繫而擁有超能力。此作的大電影動作配上深刻的情感表達，為玩家帶來一個真正的個人旅程，這段旅程的去向不能預料，玩家在遊戲的每一個決定都會影響結局。','125796635415'),(21034,63005,64005,61016,'底特律:變人',850,1,'2022-05-17 07:11:16','2022-05-18 23:02:30','《Detroit: Become Human™》是Quantic Dream開發的最新遊戲，本作延續開發團隊的傳統（Fahrenheit/Heavy Rain™/ BEYOND: Two Souls™），為您帶來憾人心弦、身歷其境的故事體驗。您將在一個由選擇和後果所組成的壯烈的感性旅程中發現身為人的真正意義。\r\n\r\n在2036年的底特律市，這座城市因發明並將仿生人帶入日常生活中而欣欣向榮。 但是當仿生人開始表現得像是真的具有生命的時候，事情開始失控。 進入故事的三個關鍵角色卡菈、康納和馬庫斯的角色，他們每個人都會從各自的獨特觀點，面對新的生活挑戰。','984456161238'),(21035,63003,64002,61015,'霍格華茲的傳承',1000,1,'2022-05-15 18:49:23','2022-05-15 20:06:17','《霍格華茲的傳承》故事背景設定在《哈利波特》小說中首次揭露的魔法世界。玩家將來到 19 世紀末期的霍格華茲魔法與巫術學院，扮演一名自創的魔法學徒，在學會各種基本魔法能力之後，玩家將進一步探索活米村、禁忌森林等霍格華茲周邊的環境，學習的過程很快就換轉變為考驗的過程。','46846465415'),(21042,63009,64002,61002,'FIFA22',850,1,'2022-05-17 07:40:00','2022-05-18 23:01:13','《國際足盟大賽 22》特別採用 HyperMotion 技術，並結合先進的 11 v 11 比賽動作捕捉技術，以及專利機器學習技術，為次世代平台提供最真實、最流暢且反應最靈敏的足球遊戲體驗，充分展現世界級賽事的原始熱情與活力。','78674523'),(21044,63012,64006,61001,'零:濡鴉之巫女',850,1,NULL,'2022-05-19 15:13:09','《故事》\r\n昔日受人們崇敬的靈場「日上山」。\r\n傳聞該座山上存在著膜拜「水」的特殊信仰和俗習，並多次傳出發生駭人的事件和不可思議的現象。\r\n這個故事以有「迎接死亡之人到訪」之稱的「日上山」為舞台，由不來方夕莉、放生蓮、雛咲深羽3人交織而成的一則的怪異幻想譚。','894165165156'),(21046,63009,64002,61006,'跑車浪漫旅7',667,1,NULL,'2022-05-20 10:24:30','探索您的賽車之道：無論您是競賽型車手、休閒型車手、車輛收藏家、改車專家、塗裝設計師，或者攝影高手，豐富多樣的遊戲模式保證令您驚豔不已，更包含深受粉絲愛戴的 GT 巡遊模式、街機模式與駕駛學校。','887666');
